Codon,AA,color
TTT,Phe,6
TTC,Phe,5.5
TTA,Leu,6
TTG,Leu,5.5
TCT,Ser,6
TCC,Ser,5.5
TCA,Ser,5
TCG,Ser,4.5
TAT,Tyr,6
TAC,Tyr,5.5
TGT,Cys,6
TGC,Cys,5.5
TGG,Trp,6
CTT,Leu,5
CTC,Leu,4.5
CTA,Leu,4
CTG,Leu,3.5
CCT,Pro,6
CCC,Pro,5.5
CCA,Pro,5
CCG,Pro,4.5
CAT,HIS,6
CAC,HIS,5.5
CAA,Gln,6
CAG,Gln,5.5
CGT,Arg,6
CGC,Arg,5.5
CGA,Arg,5
CGG,Arg,4.5
ATT,Ile,6
ATC,Ile,5.5
ATA,Ile,5
ATG,Met,6
ACT,Thr,6
ACC,Thr,5.5
ACA,Thr,5
ACG,Thr,4.5
AAT,Asn,6
AAC,Asn,5.5
AAA,Lys,6
AAG,Lys,5.5
AGT,Ser,4
AGC,Ser,3.5
AGA,Arg,4
AGG,Arg,3.5
GTT,Val,6
GTC,Val,5.5
GTA,Val,5
GTG,Val,4.5
GCT,Ala,6
GCC,Ala,5.5
GCA,Ala,5
GCG,Ala,4.5
GAT,Asp,6
GAC,Asp,5.5
GAA,Glu,6
GAG,Glu,5.5
GGT,Gly,6
GGC,Gly,5.5
GGA,Gly,5
GGG,Gly,4.5
TAA,Ter,6
TAG,Ter,5.5
TGA,Ter,5
